Product Number,Product Name,Price,Ratings

1 , APPLE iPhone 11 (Black | 64 GB) , Rs. 49999 , 4.6
2 , Apple iPhone XR (White | 128 GB) (Includes EarPods | Power Adapter) , Rs. 42999 , 4.6
3 , Apple iPhone XR (Black | 128 GB) (Includes EarPods | Power Adapter) , Rs. 42999 , 4.6
4 , APPLE iPhone 11 (Red | 64 GB) , Rs. 49999 , 4.6
5 , APPLE iPhone SE (Black | 128 GB) , Rs. 34999 , 4.5
6 , APPLE iPhone SE (White | 128 GB) , Rs. 34999 , 4.5
7 , APPLE iPhone SE (Red | 128 GB) , Rs. 34999 , 4.5
8 , APPLE iPhone SE (Black | 64 GB) , Rs. 31999 , 4.5
9 , APPLE iPhone SE (White | 64 GB) , Rs. 31999 , 4.5
10 , APPLE iPhone 12 (Green | 128 GB) , Rs. 82900 , 4.6
11 , APPLE iPhone 12 (White | 128 GB) , Rs. 82900 , 4.6
12 , APPLE iPhone 12 (Black | 128 GB) , Rs. 82900 , 4.6
13 , Apple iPhone XR (White | 64 GB) (Includes EarPods | Power Adapter) , Rs. 39999 , 4.6
14 , APPLE iPhone SE (Red | 64 GB) , Rs. 31999 , 4.5
15 , APPLE iPhone 12 (Blue | 64 GB) , Rs. 77900 , 4.6
16 , Apple iPhone XR ((PRODUCT)RED | 64 GB) (Includes EarPods | Power Adapter) , Rs. 39999 , 4.6
17 , APPLE iPhone XR (Black | 64 GB) , Rs. 39999 , 4.6
18 , Apple iPhone XR (Blue | 64 GB) (Includes EarPods | Power Adapter) , Rs. 39999 , 4.6
19 , Apple iPhone XR (Black | 64 GB) (Includes EarPods | Power Adapter) , Rs. 39999 , 4.6
20 , APPLE iPhone 12 (White | 64 GB) , Rs. 77900 , 4.6
21 , APPLE iPhone 11 Pro (Midnight Green | 64 GB) , Rs. 74999 , 4.6
22 , APPLE iPhone 12 (Red | 128 GB) , Rs. 82900 , 4.6
23 , APPLE iPhone 12 Mini (Black | 128 GB) , Rs. 72900 , 4.5
24 , APPLE iPhone 12 Mini (White | 128 GB) , Rs. 72900 , 4.5
